{
  "controller/App.controller.js": 1606119182706,
  "i18n/i18n.properties": 1606122397142,
  "model/models.js": 1606119182714,
  "model/formatter.js": 1606119182714,
  "controller/Worklist.controller.js": 1606119182710,
  "controller/Object.controller.js": 1606119182710,
  "controller/NotFound.controller.js": 1606119182706,
  "controller/ErrorHandler.js": 1606119182710,
  "controller/BaseController.js": 1606119182710,
  "manifest.json": 1606123253584,
  "Component.js": 1606119182710,
  "manifest-bundle.zip": 1606123253595,
  "Component-preload.js": 1606123253828,
  "controller/BaseController-dbg.js": 1606119182710,
  "model/formatter-dbg.js": 1606119182714,
  "controller/Worklist-dbg.controller.js": 1606119182710,
  "controller/Object-dbg.controller.js": 1606119182710,
  "controller/NotFound-dbg.controller.js": 1606119182706,
  "controller/ErrorHandler-dbg.js": 1606119182710,
  "model/models-dbg.js": 1606119182714,
  "controller/App-dbg.controller.js": 1606119182706,
  "Component-dbg.js": 1606119182710,
  "view/Worklist.view.xml": 1606119182722,
  "view/ObjectNotFound.view.xml": 1606119182718,
  "view/Object.view.xml": 1606119182722,
  "view/NotFound.view.xml": 1606119182718,
  "view/App.view.xml": 1606119182718,
  "test.html": 1606123021049,
  "index.html": 1606123021049
}